"component","origin","license","copyright"
"github.com/DataDog/datadog-agent/comp/core/tagger/origindetection","https://github.com/DataDog/datadog-agent","['Apache-2.0']","['Datadog, Inc.']"
"github.com/DataDog/datadog-agent/pkg/obfuscate","https://github.com/DataDog/datadog-agent","['Apache-2.0']","['Datadog, Inc.']"
"github.com/DataDog/datadog-agent/pkg/opentelemetry-mapping-go/otlp/attributes","https://github.com/DataDog/datadog-agent","['Apache-2.0']","['Datadog, Inc.']"
"github.com/DataDog/datadog-agent/pkg/proto","https://github.com/DataDog/datadog-agent","['Apache-2.0']","['Datadog, Inc.']"
"github.com/DataDog/datadog-agent/pkg/remoteconfig/state","https://github.com/DataDog/datadog-agent","['Apache-2.0']","['Datadog, Inc.']"
"github.com/DataDog/datadog-agent/pkg/trace","https://github.com/DataDog/datadog-agent","['Apache-2.0']","['Datadog, Inc.']"
"github.com/DataDog/datadog-agent/pkg/trace/log","https://github.com/DataDog/datadog-agent","['Apache-2.0']","['Datadog, Inc.']"
"github.com/DataDog/datadog-agent/pkg/trace/stats","https://github.com/DataDog/datadog-agent","['Apache-2.0']","['Datadog, Inc.']"
"github.com/DataDog/datadog-agent/pkg/trace/traceutil","https://github.com/DataDog/datadog-agent","['Apache-2.0']","['Datadog, Inc.']"
"github.com/DataDog/datadog-go/v5","https://github.com/DataDog/datadog-go","['MIT']","['Datadog, Inc']"
"github.com/DataDog/dd-iast-go","https://github.com/DataDog/dd-iast-go","['(Apache-2.0', '(Apache-2.0 OR BSD-3-Clause))', 'BSD-3-Clause']","['Datadog', 'Datadog, Inc.']"
"github.com/DataDog/dd-iast-go/benchmarks/overhead","https://github.com/DataDog/dd-iast-go","['(Apache-2.0', '(Apache-2.0 OR BSD-3-Clause))', 'BSD-3-Clause']","['Datadog', 'Datadog, Inc.']"
"github.com/DataDog/dd-trace-go/v2","https://github.com/DataDog/dd-trace-go","['(Apache-2.0', '(Apache-2.0 OR BSD-3-Clause))', 'BSD-3-Clause']","['Datadog', 'Datadog, Inc.']"
"github.com/DataDog/go-libddwaf/v5","https://github.com/DataDog/go-libddwaf","['Apache-2.0']","['Datadog, Inc.']"
"github.com/DataDog/go-runtime-metrics-internal","https://github.com/DataDog/go-runtime-metrics-internal","['Apache-2.0']","['Datadog, Inc.']"
"github.com/DataDog/go-sqllexer","https://github.com/DataDog/go-sqllexer","['MIT']","['Datadog, Inc.']"
"github.com/DataDog/go-tuf","https://github.com/DataDog/go-tuf","['BSD-3-Clause']","['Justin Samuel and Justin Cappos', 'Prime', 'The Tor Project, Inc.']"
"github.com/DataDog/orchestrion","https://github.com/DataDog/orchestrion","['Apache-2.0']","['Datadog, Inc.']"
"github.com/DataDog/sketches-go","https://github.com/DataDog/sketches-go","['Apache-2.0']","['Datadog, Inc.']"
"github.com/aclements/go-moremath","https://github.com/aclements/go-moremath","['BSD-3-Clause']","['The Go Authors']"
"github.com/antithesishq/antithesis-sdk-go","https://github.com/antithesishq/antithesis-sdk-go","['MIT']","['Antithesis']"
"github.com/aymanbagabas/go-osc52/v2","https://github.com/aymanbagabas/go-osc52","['MIT']","['Ayman Bagabas']"
"github.com/blakesmith/ar","https://github.com/blakesmith/ar","['MIT']","['Blake Smith']"
"github.com/cenkalti/backoff/v5","https://github.com/cenkalti/backoff","['MIT']","['Cenk Alti']"
"github.com/cespare/xxhash/v2","https://github.com/cespare/xxhash","['MIT']","['Caleb Spare']"
"github.com/charmbracelet/colorprofile","https://github.com/charmbracelet/colorprofile","['MIT']","['Charmbracelet, Inc']"
"github.com/charmbracelet/lipgloss","https://github.com/charmbracelet/lipgloss","['MIT']","['Charmbracelet, Inc']"
"github.com/charmbracelet/x/ansi","https://github.com/charmbracelet/x","['MIT']","['Charmbracelet, Inc.']"
"github.com/charmbracelet/x/cellbuf","https://github.com/charmbracelet/x","['MIT']","['Charmbracelet, Inc.']"
"github.com/charmbracelet/x/term","https://github.com/charmbracelet/x","['MIT']","['Charmbracelet, Inc.']"
"github.com/cihub/seelog","https://github.com/cihub/seelog","['BSD-3-Clause']","['Cloud Instruments Co., Ltd.']"
"github.com/clipperhouse/displaywidth","https://github.com/clipperhouse/displaywidth","['MIT']","['Matt Sherman']"
"github.com/clipperhouse/uax29/v2","https://github.com/clipperhouse/uax29","['MIT']","['Matt Sherman']"
"github.com/cpuguy83/go-md2man/v2","https://github.com/cpuguy83/go-md2man","['MIT']","['Brian Goff']"
"github.com/dave/dst","https://github.com/dave/dst","['BSD-3-Clause', 'MIT']","['David Brophy', 'The Go Authors']"
"github.com/dustin/go-humanize","https://github.com/dustin/go-humanize","['MIT']","['Dustin Sallings']"
"github.com/ebitengine/purego","https://github.com/ebitengine/purego","['Apache-2.0']","['ebitengine']"
"github.com/fsnotify/fsnotify","https://github.com/fsnotify/fsnotify","['BSD-3-Clause']","['The Go Authors', 'fsnotify Authors']"
"github.com/goccy/go-yaml","https://github.com/goccy/go-yaml","['MIT']","['Masaaki Goshima']"
"github.com/google/uuid","https://github.com/google/uuid","['BSD-3-Clause']","['Google Inc.']"
"github.com/hashicorp/go-version","https://github.com/hashicorp/go-version","['MPL-2.0']","['IBM Corp. Mozilla']"
"github.com/json-iterator/go","https://github.com/json-iterator/go","['MIT']","['json-iterator']"
"github.com/klauspost/compress","https://github.com/klauspost/compress","['Apache-2.0', 'BSD-3-Clause', 'MIT']","['Caleb Spare', 'Evan Huus', 'Klaus Post', 'Pierre Curto', 'The Go Authors', 'The New York Times Company', 'The Snappy-Go Authors', 'The filepathx Authors']"
"github.com/klauspost/cpuid/v2","https://github.com/klauspost/cpuid","['MIT']","['Klaus Post']"
"github.com/lucasb-eyer/go-colorful","https://github.com/lucasb-eyer/go-colorful","['MIT']","['Lucas Beyer']"
"github.com/mattn/go-colorable","https://github.com/mattn/go-colorable","['MIT']","['Yasuhiro Matsumoto']"
"github.com/mattn/go-isatty","https://github.com/mattn/go-isatty","['MIT']","['Yasuhiro MATSUMOTO']"
"github.com/mattn/go-runewidth","https://github.com/mattn/go-runewidth","['MIT']","['Yasuhiro Matsumoto']"
"github.com/minio/highwayhash","https://github.com/minio/highwayhash","['Apache-2.0']","['minio']"
"github.com/minio/simdjson-go","https://github.com/minio/simdjson-go","['Apache-2.0']","['minio']"
"github.com/modern-go/concurrent","https://github.com/modern-go/concurrent","['Apache-2.0']","['modern-go']"
"github.com/modern-go/reflect2","https://github.com/modern-go/reflect2","['Apache-2.0']","['modern-go']"
"github.com/muesli/termenv","https://github.com/muesli/termenv","['MIT']","['Christian Muehlhaeuser']"
"github.com/nats-io/jwt/v2","https://github.com/nats-io/jwt","['Apache-2.0']","['nats-io']"
"github.com/nats-io/nats-server/v2","https://github.com/nats-io/nats-server","['Apache-2.0']","['The LevelDB-Go Authors']"
"github.com/nats-io/nats.go","https://github.com/nats-io/nats.go","['Apache-2.0']","['nats-io']"
"github.com/nats-io/nkeys","https://github.com/nats-io/nkeys","['Apache-2.0']","['nats-io']"
"github.com/nats-io/nuid","https://github.com/nats-io/nuid","['Apache-2.0']","['nats-io']"
"github.com/outcaste-io/ristretto","https://github.com/outcaste-io/ristretto","['Apache-2.0']","['Andreas Briese, eduToolbox@Bri-C GmbH', 'Dgraph Labs, Inc. and Contributors', 'Ewan Chou']"
"github.com/philhofer/fwd","https://github.com/philhofer/fwd","['MIT']","['Philip Hofer']"
"github.com/pkg/errors","https://github.com/pkg/errors","['BSD-2-Clause']","['Dave Cheney']"
"github.com/planetscale/vtprotobuf","https://github.com/planetscale/vtprotobuf","['BSD-3-Clause']","['Bob Matcuk', 'PlanetScale Inc.', 'The Go Authors', 'The GoGo Authors']"
"github.com/polyfloyd/go-errorlint","https://github.com/polyfloyd/go-errorlint","['MIT']","['polyfloyd']"
"github.com/puzpuzpuz/xsync/v4","https://github.com/puzpuzpuz/xsync","['Apache-2.0']","['puzpuzpuz']"
"github.com/rivo/uniseg","https://github.com/rivo/uniseg","['MIT']","['Oliver Kuederle']"
"github.com/rs/zerolog","https://github.com/rs/zerolog","['MIT']","['Carl Jackson', 'Olivier Poitrey']"
"github.com/russross/blackfriday/v2","https://github.com/russross/blackfriday","['BSD-2-Clause']","['Russ Ross']"
"github.com/secure-systems-lab/go-securesystemslib","https://github.com/secure-systems-lab/go-securesystemslib","['MIT']","['NYU Secure Systems Lab']"
"github.com/shirou/gopsutil/v4","https://github.com/shirou/gopsutil","['BSD-3-Clause']","['The Go Authors', 'WAKAYAMA Shirou']"
"github.com/stretchr/testify","https://github.com/stretchr/testify","['MIT']","['Dave Collins', 'Mat Ryer, Tyler Bunnell and contributors', 'Patrick Mezard']"
"github.com/tinylib/msgp","https://github.com/tinylib/msgp","['BSD-3-Clause', 'MIT']","['Philip Hofer', 'The Go Authors license at']"
"github.com/tklauser/go-sysconf","https://github.com/tklauser/go-sysconf","['BSD-3-Clause']","['Tobias Klauser']"
"github.com/tklauser/numcpus","https://github.com/tklauser/numcpus","['Apache-2.0']","['tklauser']"
"github.com/trailofbits/go-mutexasserts","https://github.com/trailofbits/go-mutexasserts","['MIT']","['Trail of Bits']"
"github.com/urfave/cli/v2","https://github.com/urfave/cli","['MIT']","['urfave/cli maintainers']"
"github.com/xeipuuv/gojsonpointer","https://github.com/xeipuuv/gojsonpointer","[]","['xeipuuv']"
"github.com/xeipuuv/gojsonreference","https://github.com/xeipuuv/gojsonreference","[]","['xeipuuv']"
"github.com/xeipuuv/gojsonschema","https://github.com/xeipuuv/gojsonschema","[]","['xeipuuv']"
"github.com/xo/terminfo","https://github.com/xo/terminfo","['MIT']","['Anmol Sethi']"
"github.com/xrash/smetrics","https://github.com/xrash/smetrics","['MIT']","['Felipe da Cunha Goncalves']"
"go.opentelemetry.io/collector/component","https://go.opentelemetry.io/collector/component","['Apache-2.0']","[]"
"go.opentelemetry.io/collector/featuregate","https://go.opentelemetry.io/collector/featuregate","['Apache-2.0']","[]"
"go.opentelemetry.io/collector/pdata","https://go.opentelemetry.io/collector/pdata","['Apache-2.0']","[]"
"go.opentelemetry.io/collector/pdata/pprofile","https://go.opentelemetry.io/collector/pdata/pprofile","['Apache-2.0']","[]"
"go.opentelemetry.io/otel","https://go.opentelemetry.io/otel","['Apache-2.0', 'BSD-3-Clause']","['The Go Authors']"
"go.opentelemetry.io/otel/metric","https://go.opentelemetry.io/otel/metric","['Apache-2.0', 'BSD-3-Clause']","['The Go Authors']"
"go.opentelemetry.io/otel/trace","https://go.opentelemetry.io/otel/trace","['Apache-2.0', 'BSD-3-Clause']","['The Go Authors']"
"go.opentelemetry.io/proto/otlp","https://go.opentelemetry.io/proto/otlp","['Apache-2.0']","[]"
"go.uber.org/atomic","https://go.uber.org/atomic","['MIT']","['Uber Technologies, Inc.']"
"go.uber.org/multierr","https://go.uber.org/multierr","['MIT']","['Uber Technologies, Inc.']"
"go.uber.org/zap","https://go.uber.org/zap","['MIT']","['Uber Technologies, Inc.']"
"go.yaml.in/yaml/v3","https://go.yaml.in/yaml/v3","['(MIT', 'Apache-2.0)', 'MIT']","['Canonical Ltd', 'Canonical Ltd.', 'Kirill Simonov']"
"golang.org/x/crypto","https://golang.org/x/crypto","['BSD-3-Clause']","['The Go Authors']"
"golang.org/x/exp","https://golang.org/x/exp","['BSD-3-Clause']","['The Go Authors']"
"golang.org/x/mod","https://golang.org/x/mod","['BSD-3-Clause']","['The Go Authors']"
"golang.org/x/perf","https://golang.org/x/perf","['BSD-3-Clause']","['The Go Authors']"
"golang.org/x/sync","https://golang.org/x/sync","['BSD-3-Clause']","['The Go Authors']"
"golang.org/x/sys","https://golang.org/x/sys","['BSD-3-Clause']","['The Go Authors']"
"golang.org/x/term","https://golang.org/x/term","['BSD-3-Clause']","['The Go Authors']"
"golang.org/x/time","https://golang.org/x/time","['BSD-3-Clause']","['The Go Authors']"
"golang.org/x/tools","https://golang.org/x/tools","['BSD-3-Clause']","['The Go Authors']"
"golang.org/x/xerrors","https://golang.org/x/xerrors","['BSD-3-Clause']","['The Go Authors']"
"google.golang.org/genproto/googleapis/rpc","https://google.golang.org/genproto/googleapis/rpc","['Apache-2.0']","[]"
"google.golang.org/protobuf","https://google.golang.org/protobuf","['BSD-3-Clause']","['The Go Authors']"
"gopkg.in/yaml.v3","https://gopkg.in/yaml.v3","['(MIT', 'Apache-2.0)', 'MIT']","['Canonical Ltd', 'Canonical Ltd.', 'Kirill Simonov']"
"gvisor.dev/gvisor","https://gvisor.dev/gvisor","['(MIT', 'Apache-2.0', 'BSD-3-Clause)']","['The Go Authors']"
